Координаты;Город;Описание в метке;Наименование фильтра;Значение фильтра
"55.818280, 37.363925";Красногорск;"Ильинский бульвар, Красногорск, Московская область";Статус;Планируется
"55.818280, 37.363925";Красногорск;"Ильинский бульвар, Красногорск, Московская область";Тип АЗС;Медленная
"55.818280, 37.363925";Красногорск;"Ильинский бульвар, Красногорск, Московская область";Мощность;22кВт
"55.818280, 37.363925";Красногорск;"Ильинский бульвар, Красногорск, Московская область";Тип коннектора;"Type 2, розетка"
"55.913339, 37.863305";Королев;;Статус;Планируется
"55.913339, 37.863305";Королев;;Тип АЗС;Медленная
"55.913339, 37.863305";Королев;;Мощность;22кВт
"55.913339, 37.863305";Королев;;Тип коннектора;"Type 2, розетка"
"55.815732, 37.371551";Красногорск;"Красногорский бульвар, Красногорск, Московская область";Статус;Планируется
"55.815732, 37.371551";Красногорск;"Красногорский бульвар, Красногорск, Московская область";Тип АЗС;Медленная
"55.815732, 37.371551";Красногорск;"Красногорский бульвар, Красногорск, Московская область";Мощность;22кВт
"55.815732, 37.371551";Красногорск;"Красногорский бульвар, Красногорск, Московская область";Тип коннектора;"Type 2, розетка"
"55.818848, 37.369854";Красногорск;"Павшинский бульвар, Красногорск, Московская область";Статус;Планируется
"55.818848, 37.369854";Красногорск;"Павшинский бульвар, Красногорск, Московская область";Тип АЗС;Медленная
"55.818848, 37.369854";Красногорск;"Павшинский бульвар, Красногорск, Московская область";Мощность;22кВт
"55.818848, 37.369854";Красногорск;"Павшинский бульвар, Красногорск, Московская область";Тип коннектора;"Type 2, розетка"
"55.820601, 37.375571";Красногорск;"Красногорский бульвар, Красногорск, Московская область";Статус;Планируется
"55.820601, 37.375571";Красногорск;"Красногорский бульвар, Красногорск, Московская область";Тип АЗС;Медленная
"55.820601, 37.375571";Красногорск;"Красногорский бульвар, Красногорск, Московская область";Мощность;22кВт
"55.820601, 37.375571";Красногорск;"Красногорский бульвар, Красногорск, Московская область";Тип коннектора;"Type 2, розетка"
"55.824134, 37.375625";Красногорск;"жилой комплекс Прибрежный, 4-й микрорайон, микрорайон Павшинская Пойма, Красногорск";Статус;Планируется
"55.824134, 37.375625";Красногорск;"жилой комплекс Прибрежный, 4-й микрорайон, микрорайон Павшинская Пойма, Красногорск";Тип АЗС;Медленная
"55.824134, 37.375625";Красногорск;"жилой комплекс Прибрежный, 4-й микрорайон, микрорайон Павшинская Пойма, Красногорск";Мощность;22кВт
"55.824134, 37.375625";Красногорск;"жилой комплекс Прибрежный, 4-й микрорайон, микрорайон Павшинская Пойма, Красногорск";Тип коннектора;"Type 2, розетка"
"55.825036, 37.371877";Красногорск;"Спасская улица, Красногорск";Статус;Планируется
"55.825036, 37.371877";Красногорск;"Спасская улица, Красногорск";Тип АЗС;Медленная
"55.825036, 37.371877";Красногорск;"Спасская улица, Красногорск";Мощность;22кВт
"55.825036, 37.371877";Красногорск;"Спасская улица, Красногорск";Тип коннектора;"Type 2, розетка"
"55.823840, 37.366152";Красногорск;"Павшинский бульвар, Красногорск";Статус;Планируется
"55.823840, 37.366152";Красногорск;"Павшинский бульвар, Красногорск";Тип АЗС;Медленная
"55.823840, 37.366152";Красногорск;"Павшинский бульвар, Красногорск";Мощность;22кВт
"55.823840, 37.366152";Красногорск;"Павшинский бульвар, Красногорск";Тип коннектора;"Type 2, розетка"
"55.869963, 37.402415";Красногорск;"Новотушинская улица, деревня Путилково, городской округ Красногорск";Статус;Планируется
"55.869963, 37.402415";Красногорск;"Новотушинская улица, деревня Путилково, городской округ Красногорск";Тип АЗС;Медленная
"55.869963, 37.402415";Красногорск;"Новотушинская улица, деревня Путилково, городской округ Красногорск";Мощность;22кВт
"55.869963, 37.402415";Красногорск;"Новотушинская улица, деревня Путилково, городской округ Красногорск";Тип коннектора;"Type 2, кабель"
"55.872280, 37.398511";Красногорск;"Сходненская улица, деревня Путилково, городской округ Красногорск";Статус;Планируется
"55.872280, 37.398511";Красногорск;"Сходненская улица, деревня Путилково, городской округ Красногорск";Тип АЗС;Медленная
"55.872280, 37.398511";Красногорск;"Сходненская улица, деревня Путилково, городской округ Красногорск";Мощность;22кВт
"55.872280, 37.398511";Красногорск;"Сходненская улица, деревня Путилково, городской округ Красногорск";Тип коннектора;"Type 2, кабель"
"55.877080, 37.392406";Красногорск;"Сходненская улица, деревня Путилково, городской округ Красногорск";Статус;Планируется
"55.877080, 37.392406";Красногорск;"Сходненская улица, деревня Путилково, городской округ Красногорск";Тип АЗС;Медленная
"55.877080, 37.392406";Красногорск;"Сходненская улица, деревня Путилково, городской округ Красногорск";Мощность;22кВт
"55.877080, 37.392406";Красногорск;"Сходненская улица, деревня Путилково, городской округ Красногорск";Тип коннектора;"Type 2, кабель"
"55.865493, 37.391535";Красногорск;"жилой комплекс Большое Путилково, деревня Путилково, городской округ Красногорск";Статус;Планируется
"55.865493, 37.391535";Красногорск;"жилой комплекс Большое Путилково, деревня Путилково, городской округ Красногорск";Тип АЗС;Медленная
"55.865493, 37.391535";Красногорск;"жилой комплекс Большое Путилково, деревня Путилково, городской округ Красногорск";Мощность;22кВт
"55.865493, 37.391535";Красногорск;"жилой комплекс Большое Путилково, деревня Путилково, городской округ Красногорск";Тип коннектора;"Type 2, кабель"
"55.865470, 37.385385";Красногорск;"Просторная улица, деревня Путилково, городской округ Красногорск";Статус;Планируется
"55.865470, 37.385385";Красногорск;"Просторная улица, деревня Путилково, городской округ Красногорск";Тип АЗС;Медленная
"55.865470, 37.385385";Красногорск;"Просторная улица, деревня Путилково, городской округ Красногорск";Мощность;22кВт
"55.865470, 37.385385";Красногорск;"Просторная улица, деревня Путилково, городской округ Красногорск";Тип коннектора;"Type 2, кабель"
